{"scope.version":"2","timeline.animationMode":"proMode","viewport.width":300,"viewport.height":250,"library.openDirectories":[],"library.GroupsPath":{},"library.downloadedAssets":{},"design.zoom":1,"publish.local.location":"{fileRoot}/","publish.local.name":"300x250-Energia","publish.local.flatten":true,"publish.local.minify":true,"publish.local.inlineFiles":true,"publish.local.createZip":false,"publish.local.politeLoad":true,"publish.local.exportMozilla":true,"publish.local.exportWebkit":true,"publish.local.unpackGroups":true,"publish.local.borderColor":"rgba(0,0,0,1)","publish.local.addBorder":true,"":false,"publish.local.skipLoadingDelay":false}