{"scope.version":"2","timeline.animationMode":"proMode","viewport.width":300,"viewport.height":250,"library.openDirectories":[],"library.GroupsPath":{},"library.downloadedAssets":{},"design.zoom":1,"ruler.guides.show":false,"tool.text.optionsState":{"fontName":"UniversNextforHSBC_Bold","fontSize":"26px","fontWeight":"normal","fontStyle":"normal","alignLeft":true,"alignCenter":false,"alignRight":false,"alignJustify":false,"verticalAlignCenter":false,"foreColor":"rgb(0, 0, 0)","tagName":"span","orderedList":false,"unorderedList":false},"publish.local.location":"/Users/paolo/Desktop/Working/HSBC/2021/03 Mar/HSBC Home Loans 3/2021-03-18/published/","publish.local.name":"300x250-HSBC Home Loans AU","publish.local.flatten":true,"publish.local.minify":true,"publish.local.inlineFiles":true,"publish.local.createZip":false,"publish.local.politeLoad":true,"publish.local.exportMozilla":true,"publish.local.exportWebkit":true,"publish.local.unpackGroups":true,"publish.local.borderColor":"rgba(0,0,0,1)","publish.local.addBorder":true,"":false,"publish.local.skipLoadingDelay":true,"ruler.guides.horizontal":[306,-9,83,120,175,194,215,7,142],"ruler.guides.vertical":[373,30,146,158,11,303],"ruler.guides.lock":false,"eventsPanel.layout":"{\"targetColumnWidth\":170,\"typeColumnWidth\":199,\"actionColumnWidth\":75,\"eventScope\":0}","design.scrollleft":207,"design.scrolltop":0,"design.userpaddingleft":-470,"design.userpaddingtop":-250}