{"scope.version":"2","timeline.animationMode":"proMode","viewport.width":300,"viewport.height":600,"library.openDirectories":[],"library.GroupsPath":{},"library.downloadedAssets":{},"design.zoom":1,"publish.local.location":"/Users/guilmarjude/Desktop/Working/Purina/PurinaOne/Working_Jan6/","publish.local.name":"PurinaOne_300x600","publish.local.flatten":true,"publish.local.minify":true,"publish.local.inlineFiles":true,"publish.local.createZip":true,"publish.local.politeLoad":true,"publish.local.exportMozilla":true,"publish.local.exportWebkit":true,"publish.local.unpackGroups":true,"publish.local.borderColor":"rgba(0,0,0,1)","publish.local.addBorder":true}